word,won,wrong_guesses,repeated_guesses
marmar,False,6,0
janet,False,6,0
dentistical,True,2,0
troveless,False,6,0
unnotify,False,6,0
gastrostenosis,False,6,0
preaffiliation,False,6,0
obpyriform,False,6,0
veratrinize,False,6,0
protection,True,3,0
guileless,False,6,0
phototactic,True,5,0
triloculate,True,4,0
trustee,False,6,0
sextole,False,6,0
wusp,False,6,0
shawled,False,6,0
cressed,True,5,0
always,False,6,0
guato,False,6,0
undazzling,False,6,0
timbromaniac,False,6,0
unstraightforward,False,6,0
bodleian,False,6,0
catechesis,True,5,0
atrebates,False,6,0
drate,False,6,0
upcrowd,False,6,0
johnin,False,6,0
ventripyramid,False,6,0
demency,False,6,0
muskroot,False,6,0
inframammary,False,6,0
observandum,False,6,0
poulard,False,6,0
rotaman,False,6,0
totonac,False,6,0
eulamellibranchia,False,6,0
brolga,False,6,0
sleb,False,6,0
comic,False,6,0
dullity,False,6,0
annotatory,True,5,0
cephalanthous,True,2,0
nongraduated,False,6,0
thokish,False,6,0
uncensuring,False,6,0
eluviation,False,6,0
marcellian,True,5,0
periodicalist,True,2,0
bafta,False,6,0
cingular,False,6,0
isobarometric,False,6,0
tonelessly,True,3,0
rebaptize,False,6,0
sentition,True,3,0
presternum,False,6,0
mirak,False,6,0
gynandromorphous,False,6,0
memoir,True,5,0
inobnoxious,False,6,0
commorant,True,4,0
widdendream,False,6,0
cometic,False,6,0
costophrenic,True,4,0
radially,True,4,0
jumma,False,6,0
analysis,False,6,0
murmuration,True,4,0
bandboxical,False,6,0
circumhorizontal,True,5,0
unrubbish,False,6,0
roquelaure,False,6,0
flaxseed,False,6,0
carcinolytic,False,6,0
pachyglossate,False,6,0
crackable,False,6,0
unbuoyed,False,6,0
adinole,False,6,0
glossopalatinus,False,6,0
palaeosophy,False,6,0
afterglow,False,6,0
apoplastogamous,False,6,0
guaiol,False,6,0
utriculoplastic,True,2,0
agral,False,6,0
nictitation,True,4,0
proficiently,False,6,0
quaternity,False,6,0
unoppignorated,False,6,0
foreact,False,6,0
cholecystenterorrhaphy,False,6,0
rivery,False,6,0
pauropodous,False,6,0
kelpie,False,6,0
imbirussu,False,6,0
unfaint,False,6,0
oviculated,False,6,0
cyanosed,False,6,0
punitionally,True,4,0
tinamine,False,6,0
aristocraticalness,True,1,0
propodeum,False,6,0
delightingly,False,6,0
pectase,True,2,0
cheka,False,6,0
dermasurgery,False,6,0
librarian,False,6,0
begotten,False,6,0
outlay,True,4,0
distilled,True,3,0
pelisse,False,6,0
foredeserved,False,6,0
trifoliolate,False,6,0
easer,False,6,0
benumbedness,False,6,0
evidentiary,False,6,0
chromosome,False,6,0
bisulphate,False,6,0
unvoyaging,False,6,0
underpossessor,False,6,0
stichometric,True,4,0
uncapably,False,6,0
carposperm,False,6,0
guanidopropionic,False,6,0
dolichoglossus,False,6,0
vorticose,False,6,0
mart,True,5,0
embrocate,False,6,0
ichthyophobia,False,6,0
wakamba,False,6,0
cocash,False,6,0
rearrange,False,6,0
kaid,False,6,0
yn,False,6,0
electrophysiology,False,6,0
harshweed,False,6,0
sufferableness,False,6,0
becassocked,False,6,0
palaverment,False,6,0
reaward,False,6,0
slinkiness,False,6,0
schizoidism,False,6,0
overfold,False,6,0
evocatively,False,6,0
skeletin,False,6,0
electrotitration,True,4,0
chiefdom,False,6,0
federal,False,6,0
hippotigris,False,6,0
nonaxiomatic,False,6,0
cubitodigital,False,6,0
simia,False,6,0
perciformes,False,6,0
pretreat,True,2,0
pewmate,False,6,0
heiresshood,False,6,0
fermentatively,False,6,0
salivan,False,6,0
overstudied,False,6,0
pilori,True,5,0
chervil,False,6,0
cordeliere,False,6,0
herrenvolk,False,6,0
temperament,True,5,0
actinodromous,False,6,0
hypersuperlative,True,2,0
dowerless,False,6,0
vainly,False,6,0
canossa,True,5,0
deglaciation,False,6,0
quintupliribbed,False,6,0
galeproof,False,6,0
triethylamine,False,6,0
topectomy,False,6,0
misdeem,False,6,0
cerebropedal,False,6,0
dextran,False,6,0
substitutionally,False,6,0
hemometry,False,6,0
setness,True,5,0
teasel,False,6,0
uncramp,False,6,0
circumstantiable,True,4,0
polycormic,False,6,0
pyotoxinemia,False,6,0
unrebated,False,6,0
unbiasable,False,6,0
irani,False,6,0
amblyomma,False,6,0
spitted,False,6,0
oversusceptible,True,5,0
jobmonger,False,6,0
dipody,False,6,0
khvat,False,6,0
physiqued,False,6,0
hulu,False,6,0
meliorant,True,4,0
evincive,False,6,0
tumtum,False,6,0
clathrinidae,True,5,0
hugeously,False,6,0
sward,False,6,0
thallogenic,False,6,0
petrolic,True,4,0
versette,False,6,0
nonterritoriality,True,1,0
laceleaf,False,6,0
parode,False,6,0
cagn,False,6,0
sphyrnidae,False,6,0
merchandiser,False,6,0
insinuating,False,6,0
luxemburgian,False,6,0
volley,False,6,0
unpitiably,False,6,0
proseuche,False,6,0
ambassadress,False,6,0
latterness,False,6,0
phagocytolysis,False,6,0
struthiones,True,5,0
tolylenediamine,False,6,0
tuatara,True,4,0
speleology,False,6,0
presley,False,6,0
ramified,False,6,0
quadrumanal,False,6,0
coimplicant,True,3,0
pyralis,False,6,0
epruinose,True,5,0
manipular,True,5,0
fangled,False,6,0
deferrize,False,6,0
antemarital,False,6,0
profligation,False,6,0
sadhe,False,6,0
crumblet,False,6,0
camestres,True,4,0
mantra,True,5,0
conjoinedly,False,6,0
aclinal,False,6,0
amalgamate,False,6,0
nutritional,True,3,0
northeaster,True,5,0
sowlike,False,6,0
craniopharyngeal,False,6,0
unimpressibly,False,6,0
inaudible,False,6,0
reapproach,False,6,0
cabob,False,6,0
anaconda,False,6,0
inwick,False,6,0
subpubic,False,6,0
nebularization,False,6,0
pharmacopsychology,False,6,0
cyrtopia,False,6,0
lienculus,True,4,0
tuck,False,6,0
becuiba,False,6,0
rufflike,False,6,0
gratulation,False,6,0
disgustful,False,6,0
microcrystallogeny,True,4,0
bavian,False,6,0
petrification,False,6,0
antiseption,True,3,0
stakemaster,False,6,0
weatherhead,False,6,0
unglosed,False,6,0
draggy,False,6,0
ectoblast,False,6,0
ensue,False,6,0
yaguaza,False,6,0
obduracy,False,6,0
grow,False,6,0
lying,False,6,0
splintery,True,4,0
kitchenward,False,6,0
accentuator,True,5,0
gloomy,False,6,0
traveldom,False,6,0
redbird,False,6,0
hyporadiolus,False,6,0
underchancellor,True,5,0
ingaevonic,False,6,0
niccoliferous,False,6,0
warbled,False,6,0
ceroplast,True,1,0
heatlike,False,6,0
rosular,False,6,0
cochlear,False,6,0
theron,False,6,0
dramalogue,False,6,0
arciform,False,6,0
monopetalae,False,6,0
thermoperiodicity,False,6,0
mandrake,False,6,0
semology,False,6,0
lipoferous,False,6,0
atrichosis,True,4,0
anneslia,True,3,0
cobbra,False,6,0
osteogenesis,True,5,0
caulotaxy,False,6,0
genyophrynidae,False,6,0
login,False,6,0
zoeform,False,6,0
corollary,False,6,0
chlamydobacteriaceae,True,5,0
presurvey,False,6,0
aedilian,False,6,0
tubik,False,6,0
entosphere,True,4,0
hydrofluate,False,6,0
regather,False,6,0
discoplacenta,True,4,0
chivalrousness,False,6,0
gasless,False,6,0
spiraculum,False,6,0
undeliberative,False,6,0
stereobatic,False,6,0
gaviiformes,False,6,0
derived,False,6,0
flagellated,False,6,0
aspen,False,6,0
preinvent,False,6,0
sachamaker,False,6,0
spectroscopic,False,6,0
arctogaeal,False,6,0
respondency,False,6,0
gadroon,False,6,0
consort,True,3,0
plumelike,False,6,0
aniseikonia,False,6,0
paintedness,False,6,0
cochliodus,False,6,0
disintegration,False,6,0
calmierer,False,6,0
faunally,False,6,0
archeion,False,6,0
nance,False,6,0
expellee,False,6,0
treasonable,True,1,0
triboluminescence,False,6,0
crevice,False,6,0
unresistedly,True,5,0
superciliousness,True,2,0
prehumiliation,True,3,0
planktologist,False,6,0
camerina,True,4,0
clave,False,6,0
orca,False,6,0
actability,False,6,0
lubricational,False,6,0
synodus,False,6,0
coumarate,False,6,0
hoodshyness,False,6,0
prolongably,False,6,0
agrammatical,False,6,0
sulphopropionic,True,3,0
vender,False,6,0
unshuddering,False,6,0
desiccant,False,6,0
trolly,True,5,0
nonascetic,True,3,0
parallelotropism,True,3,0
mildly,False,6,0
recalibration,False,6,0
resistable,False,6,0
merychippus,False,6,0
substrate,False,6,0
bassoon,False,6,0
teated,True,3,0
untentaculate,True,5,0
amphichrom,False,6,0
ionidium,False,6,0
gelose,False,6,0
azotous,False,6,0
resuppression,True,5,0
episcopalism,False,6,0
tarea,True,2,0
instructively,False,6,0
graduator,False,6,0
stanley,True,3,0
myringomycosis,False,6,0
cloudlessness,False,6,0
unfallible,False,6,0
shackling,False,6,0
battik,False,6,0
bushy,False,6,0
confinable,False,6,0
codhead,False,6,0
trochoidally,True,5,0
pennaceous,True,4,0
confervaceous,False,6,0
strychnic,False,6,0
tangentiality,False,6,0
phenomenology,False,6,0
torchless,True,4,0
recook,False,6,0
leaderless,False,6,0
circumumbilical,False,6,0
mugwumpism,False,6,0
nonswearing,False,6,0
sky,False,6,0
deliberateness,False,6,0
mitigatory,False,6,0
barehanded,False,6,0
centralist,True,1,0
oxyether,False,6,0
interseminal,False,6,0
premisal,False,6,0
paramese,False,6,0
ossetish,False,6,0
parentheses,True,4,0
unembarrassment,False,6,0
confirmingly,False,6,0
treasurable,False,6,0
purposivistic,False,6,0
furnacite,False,6,0
nailprint,True,4,0
aspidobranchia,False,6,0
swirl,False,6,0
recruitment,True,4,0
nemertini,True,5,0
piper,False,6,0
dissatisfy,False,6,0
evangelization,False,6,0
poluphloisboiotatotic,False,6,0
podomancy,False,6,0
thishow,False,6,0
ovarin,False,6,0
ismal,False,6,0
intraduodenal,False,6,0
vassalry,False,6,0
unfluted,False,6,0
conclusional,True,5,0
acronymic,False,6,0
electroosmotic,True,4,0
morrowtide,False,6,0
glucosidically,False,6,0
concatenation,True,2,0
fucate,False,6,0
abigail,False,6,0
encinillo,True,4,0
ungloriously,False,6,0
drupelet,False,6,0
unsensory,False,6,0
aphelenchus,False,6,0
eucosmidae,False,6,0
tragicose,False,6,0
interdepend,False,6,0
pronpl,False,6,0
immunogenic,False,6,0
unfledgedness,False,6,0
amaga,False,6,0
archelenis,True,5,0
brustle,False,6,0
bibliographize,False,6,0
ectocuniform,False,6,0
scutulated,False,6,0
choledoch,False,6,0
pessimum,False,6,0
winegrower,False,6,0
annelida,False,6,0
whatness,False,6,0
sulphurization,True,5,0
monistical,True,5,0
anaspidacea,False,6,0
approximatively,False,6,0
scopidae,False,6,0
spondylocladium,True,4,0
turningness,False,6,0
wisecrack,False,6,0
mincer,False,6,0
tryphosa,False,6,0
unbowing,False,6,0
heaving,False,6,0
puffery,False,6,0
lenitiveness,False,6,0
shutter,True,5,0
cyanate,False,6,0
phascogale,False,6,0
dishwiping,False,6,0
thicketful,False,6,0
nitrosification,False,6,0
whatreck,False,6,0
politicalism,True,5,0
pulsimeter,True,5,0
antheia,False,6,0
corin,False,6,0
armchaired,False,6,0
unsupplicated,True,4,0
bleakly,False,6,0
derah,False,6,0
titubancy,False,6,0
mejorana,False,6,0
halibuter,False,6,0
nereid,True,5,0
malacophonous,True,4,0
juniority,False,6,0
preobligate,False,6,0
fusilier,False,6,0
frecklish,False,6,0
haloa,False,6,0
stupe,False,6,0
tanghan,False,6,0
unsuggestive,False,6,0
nitrolime,False,6,0
dactylioglyphtic,False,6,0
ripieno,False,6,0
oversour,False,6,0
wrasse,False,6,0
pseudoparenchymatous,True,4,0
verderership,False,6,0
noninstrumental,True,4,0
thlingchadinne,False,6,0
proximal,False,6,0
unplacid,False,6,0
belgravian,False,6,0
timefulness,False,6,0
microscopic,True,5,0
fishyard,False,6,0
shockingly,False,6,0
metier,True,5,0
enbrave,False,6,0
forejudge,False,6,0
epithalamion,True,5,0
unapplied,True,5,0
opsiometer,False,6,0
posthetomy,False,6,0
ropedancing,True,5,0
ticker,False,6,0
cloghad,False,6,0
january,False,6,0
wineglassful,False,6,0
carbuncle,False,6,0
tiphia,False,6,0
negativer,False,6,0
circumcorneal,True,4,0
lifelessly,False,6,0
stunpoll,False,6,0
neurone,False,6,0
intrapsychic,False,6,0
lethocerus,True,5,0
elementarily,False,6,0
ecardinal,False,6,0
denazify,False,6,0
unconceited,True,5,0
myoplastic,True,5,0
impingent,False,6,0
underbutler,False,6,0
unforwarded,False,6,0
yamanai,False,6,0
coglorify,False,6,0
deparliament,True,5,0
nassau,False,6,0
spatterdock,False,6,0
lactucin,False,6,0
middorsal,False,6,0
hoverly,False,6,0
superstitionless,True,2,0
parathion,True,4,0
pasturer,False,6,0
ureterocele,True,5,0
overslavish,False,6,0
sonlikeness,False,6,0
affinitatively,False,6,0
prioracy,False,6,0
thistled,False,6,0
untransacted,True,4,0
foddering,False,6,0
orderable,False,6,0
parorexia,False,6,0
centrifugalize,False,6,0
marguerite,False,6,0
mainpernable,False,6,0
propliopithecus,True,2,0
postdiagnostic,False,6,0
jarvey,False,6,0
maytide,False,6,0
oystershell,True,4,0
raptatory,False,6,0
pollinar,True,3,0
impeccant,False,6,0
unpermitting,False,6,0
tinworker,False,6,0
horseman,False,6,0
loaf,False,6,0
phylogerontism,True,3,0
screw,False,6,0
flong,False,6,0
bloodleaf,False,6,0
nonstatistical,True,3,0
glossotherium,False,6,0
theologicopolitical,False,6,0
cherishing,False,6,0
polinices,True,3,0
wondrousness,False,6,0
juxtatropical,False,6,0
fascioliasis,False,6,0
flabelliform,False,6,0
apotropaic,False,6,0
melanilin,False,6,0
monogenist,False,6,0
uncrystaled,False,6,0
scybalum,False,6,0
cathartolinum,True,4,0
jynginae,False,6,0
knit,False,6,0
watchmanship,False,6,0
howadji,False,6,0
reproachingly,True,4,0
bemole,False,6,0
matral,True,5,0
pretense,True,4,0
telemechanic,True,4,0
equiexcellency,False,6,0
acidness,False,6,0
contusive,False,6,0
gaumish,False,6,0
kraft,False,6,0
volumometrical,False,6,0
interdrink,False,6,0
wealthiness,False,6,0
acicularly,False,6,0
platypodia,False,6,0
pothook,False,6,0
diamondwise,False,6,0
misassert,True,5,0
recrystallization,True,5,0
rabelaisianism,False,6,0
sedition,False,6,0
pelomedusidae,False,6,0
paraparesis,True,2,0
sanctifier,False,6,0
jennifer,False,6,0
shotless,True,5,0
tracheobronchitis,False,6,0
maspiter,True,2,0
perorator,True,2,0
octandria,False,6,0
clipei,False,6,0
gemmiferous,False,6,0
photoreception,True,3,0
disparagement,False,6,0
upvomit,False,6,0
uninterrogated,False,6,0
fullmouth,False,6,0
evangeliarium,False,6,0
pattener,True,4,0
pomposity,False,6,0
unserrated,True,4,0
afternoons,False,6,0
usnic,False,6,0
ergotamine,False,6,0
roughshod,False,6,0
separatical,True,2,0
nongremial,False,6,0
cornic,True,5,0
uranophotography,False,6,0
condisciple,False,6,0
cabassou,False,6,0
cervix,False,6,0
locomobility,False,6,0
sexagesimals,False,6,0
submedian,False,6,0
processionalist,True,0,0
fichteanism,False,6,0
spikeweed,False,6,0
exoenzyme,False,6,0
typeset,False,6,0
necessity,True,5,0
disclimax,False,6,0
whyness,False,6,0
sexivalence,False,6,0
squinting,False,6,0
snowlike,False,6,0
deiparous,False,6,0
lobcock,False,6,0
supervisorial,False,6,0
cerebrocardiac,False,6,0
calicut,True,5,0
sphericist,False,6,0
substitute,False,6,0
corporator,True,4,0
undernatural,False,6,0
anywhen,False,6,0
shivaism,False,6,0
triterpene,False,6,0
untravestied,False,6,0
spinigrade,False,6,0
cuke,False,6,0
snerp,False,6,0
resisting,False,6,0
eurite,True,4,0
predeterminative,False,6,0
mulctative,False,6,0
colander,True,4,0
asexualize,False,6,0
autoallogamy,False,6,0
olcha,False,6,0
pneumographic,True,3,0
loathsomely,False,6,0
patinate,True,3,0
glaucium,False,6,0
twatchel,False,6,0
apopetalous,True,5,0
centrode,False,6,0
burfish,False,6,0
moonfish,False,6,0
begarnish,False,6,0
bulimulidae,False,6,0
erinose,True,2,0
apollonia,False,6,0
anhungry,False,6,0
harridan,False,6,0
pecky,False,6,0
pointillism,False,6,0
pampootee,False,6,0
conferruminate,False,6,0
flightily,False,6,0
plantaginaceous,True,3,0
meridionality,True,5,0
bardesanist,False,6,0
bustee,False,6,0
antephialtic,False,6,0
calochortaceae,True,5,0
nootka,False,6,0
unquit,False,6,0
unify,False,6,0
stob,False,6,0
lexigraphical,False,6,0
doublelunged,False,6,0
ultragrave,False,6,0
procerebral,False,6,0
feuar,False,6,0
superinsist,True,5,0
saccharocolloid,True,5,0
unbowsome,False,6,0
clogdogdo,False,6,0
tenuity,False,6,0
dykereeve,False,6,0
pupuluca,False,6,0
footmaker,False,6,0
disjunctively,False,6,0
istrian,False,6,0
bewilderedly,False,6,0
tringle,False,6,0
currishly,False,6,0
gyroplane,False,6,0
oxane,False,6,0
astrocaryum,True,5,0
preindebtedness,False,6,0
backchat,False,6,0
eva,False,6,0
pollucite,True,5,0
frostiness,False,6,0
overminutely,True,5,0
remonstratively,False,6,0
formonitrile,False,6,0
requiter,False,6,0
cuculliform,False,6,0
unsubstantiation,False,6,0
brookless,False,6,0
vlei,False,6,0
oncetta,True,4,0
illustratory,True,5,0
labyrinthodon,False,6,0
labyrinth,False,6,0
cannibality,False,6,0
unstick,False,6,0
groose,False,6,0
electroshock,False,6,0
wanty,False,6,0
oscillograph,False,6,0
platinocyanic,False,6,0
retool,True,4,0
retransformation,False,6,0
notiosorex,False,6,0
quaw,False,6,0
bichromate,False,6,0
corps,False,6,0
clutchman,False,6,0
denunciable,True,5,0
macadamization,False,6,0
sender,False,6,0
coadjutator,False,6,0
hystricine,True,5,0
paulinia,False,6,0
urao,True,3,0
parmese,False,6,0
basidia,False,6,0
hairmonger,False,6,0
cathodography,False,6,0
quantify,False,6,0
ugroid,False,6,0
echinoderma,False,6,0
lingually,False,6,0
byerlite,False,6,0
sturdy,False,6,0
plaitless,True,3,0
runover,False,6,0
aquilege,False,6,0
battak,False,6,0
lamantin,True,5,0
seedcase,False,6,0
enflagellation,False,6,0
ipseity,False,6,0
viperina,False,6,0
gastropodous,False,6,0
serpulid,True,5,0
arrantly,True,4,0
benzophenone,False,6,0
pennatipartite,True,0,0
strafer,False,6,0
disestimation,True,5,0
bedlar,False,6,0
minisher,False,6,0
semisociative,True,5,0
battalion,False,6,0
floatable,False,6,0
columbanian,False,6,0
cathodofluorescence,True,5,0
unfastidiously,False,6,0
hornily,False,6,0
proteaceous,True,2,0
granddaughterly,False,6,0
acatamathesia,True,5,0
nonsensitized,False,6,0
pacificator,False,6,0
daincha,False,6,0
mask,False,6,0
interlingua,True,4,0
consultation,False,6,0
unhealthful,False,6,0
hairpin,False,6,0
biternate,False,6,0
upspew,False,6,0
subvariety,False,6,0
istoke,False,6,0
trismic,False,6,0
masty,True,5,0
peshkash,False,6,0
foredispose,False,6,0
trophoderm,False,6,0
globosely,False,6,0
periorbit,False,6,0
tore,True,3,0
adenia,False,6,0
rendrock,False,6,0
garniec,False,6,0
disproportionally,True,4,0
acrodontism,True,3,0
nonsparing,False,6,0
linet,True,4,0
niggardling,False,6,0
allopathist,False,6,0
neuropsychological,True,2,0
beruffed,False,6,0
paola,False,6,0
forehalf,False,6,0
addax,False,6,0
formicate,False,6,0
actinomycotic,False,6,0
hadbot,False,6,0
proso,False,6,0
ciliotomy,False,6,0
precation,True,1,0
compendium,False,6,0
incudal,False,6,0
antiscale,True,2,0
ordovices,False,6,0
amiability,False,6,0
tintinnabulate,False,6,0
italican,False,6,0
presumptuousness,True,5,0
advocatory,False,6,0
sculptress,False,6,0
underkeeper,False,6,0
unmountainous,True,5,0
termage,False,6,0
continuativeness,False,6,0
tuboabdominal,False,6,0
reliable,True,5,0
bathmotropism,False,6,0
laccolith,False,6,0
bradyphasia,False,6,0
unpredestinated,False,6,0
pediculous,True,5,0
oxytoluic,False,6,0
tipsy,False,6,0
unwetted,False,6,0
dreariness,False,6,0
gadolinium,False,6,0
isandrous,False,6,0
sniptious,True,5,0
desultorily,True,5,0
fains,False,6,0
inquisitorialness,False,6,0
pirrmaw,False,6,0
asteriated,True,3,0
forsakenly,False,6,0
lipa,False,6,0
mortalness,True,4,0
cometarium,True,5,0
primrosy,False,6,0
pretexted,False,6,0
unwitch,False,6,0
issuance,True,4,0
rondeau,False,6,0
stirring,False,6,0
nonclimbable,False,6,0
bondholder,False,6,0
harmlessly,False,6,0
lawn,False,6,0
zoomantic,False,6,0
native,False,6,0
disilicane,True,5,0
splenatrophy,True,5,0
cakewalker,False,6,0
myrobalan,False,6,0
frederic,False,6,0
sexangled,False,6,0
opuntiaceae,False,6,0
megasclere,False,6,0
gasogenic,False,6,0
corrosively,False,6,0
postconvalescent,False,6,0
unidentifiedly,False,6,0
imitable,False,6,0
wheer,False,6,0
orakzai,False,6,0
kemb,False,6,0
banewort,False,6,0
velo,False,6,0
archae,False,6,0
anguinidae,False,6,0
levance,False,6,0
novemberish,False,6,0
overharsh,False,6,0
subgular,False,6,0
unreputable,True,4,0
universeful,False,6,0
jacobitic,False,6,0
macrolepidoptera,False,6,0
mailbox,False,6,0
hurryproof,False,6,0
unclerkly,False,6,0
vasoreflex,False,6,0
melica,True,5,0
multipersonal,True,2,0
carpetweed,False,6,0
sleechy,False,6,0
homophony,False,6,0
crystallization,False,6,0
suggestibly,False,6,0
tolstoyist,False,6,0
preheat,False,6,0
oratory,True,3,0
tubuliferous,False,6,0
ferocity,False,6,0
oenanthylate,False,6,0
squeaky,False,6,0
tyleberry,False,6,0
squark,False,6,0
indeficient,False,6,0
arboretum,False,6,0
pyronine,True,5,0
succedaneous,False,6,0
creepmousy,False,6,0
testatum,False,6,0
articulant,False,6,0
sternotribe,False,6,0
linoxin,False,6,0
enophthalmus,False,6,0
seronegative,False,6,0
firebrat,False,6,0
theroid,False,6,0
barraclade,False,6,0
reticello,True,3,0
doegling,False,6,0
euthyneura,False,6,0
philozoonist,False,6,0
intermolecular,True,3,0
philobiblical,False,6,0
disroof,False,6,0
fast,False,6,0
tutoyer,False,6,0
recatalogue,True,5,0
thiazoline,False,6,0
pentrough,False,6,0
uncanonically,True,4,0
nonpsychological,False,6,0
serpentiningly,False,6,0
mallemuck,False,6,0
progressor,False,6,0
determinator,True,4,0
sadducize,False,6,0
preponderation,False,6,0
overjob,False,6,0
agelacrinitidae,False,6,0
gaelicist,False,6,0
enaliosaur,True,1,0
pandurated,False,6,0
breme,False,6,0
trochanter,True,4,0
unyouthful,False,6,0
telekinesis,False,6,0
rheumaticky,False,6,0
inexpressively,False,6,0
danielle,False,6,0
sokoki,False,6,0
louvered,False,6,0
gup,False,6,0
overtumble,False,6,0
despotic,False,6,0
elodea,True,5,0
explosion,False,6,0
sporangidium,False,6,0
ungoatlike,False,6,0
pennate,False,6,0
nonreciprocal,True,2,0
lymphomyxoma,False,6,0
treatee,True,3,0
superobjection,False,6,0
marsoon,False,6,0
sponged,False,6,0
electroculture,False,6,0
unperfectly,False,6,0
cardiomelanosis,True,4,0
zooplastic,False,6,0
machairodontinae,False,6,0
unadvantageous,False,6,0
edentate,False,6,0
syllepsis,False,6,0
komati,False,6,0
deaminase,False,6,0
orgiast,False,6,0
rustless,True,4,0
soliterraneous,True,1,0
eburna,False,6,0
asperges,False,6,0
subjectlike,False,6,0
vanadiate,False,6,0
devadasi,False,6,0
combinableness,False,6,0
semiarid,True,5,0
immanacle,False,6,0
dermaskeleton,False,6,0
formful,False,6,0
microdentous,True,5,0
exallotriote,False,6,0
anamnestic,False,6,0
anopluriform,False,6,0
unpricked,False,6,0
gazzetta,False,6,0
carangidae,False,6,0
beegerite,False,6,0
unenwoven,False,6,0
keerogue,False,6,0
hydrometallurgical,True,3,0
subtrigonal,False,6,0
jailbird,False,6,0
myodynamiometer,False,6,0
regulus,False,6,0
memorableness,False,6,0
selvagee,False,6,0
ninnyish,False,6,0
proirrigation,False,6,0
proletarianism,True,2,0
elicitor,True,4,0
hippoid,False,6,0
lecturer,False,6,0
automacy,False,6,0
brushland,False,6,0
chilean,False,6,0
sekani,False,6,0
coyoting,False,6,0
wilsomeness,False,6,0
zygophyllaceous,False,6,0
bar,False,6,0
astray,False,6,0
jisheng,False,6,0
peripateticate,True,4,0
dulcification,False,6,0
undetractingly,True,5,0
umbrosity,False,6,0
measly,False,6,0
simulant,True,4,0
annueler,True,4,0
sparch,False,6,0
imperformable,False,6,0
opianic,False,6,0
eumeromorphic,False,6,0
releasable,True,5,0
grammarless,False,6,0
altruism,False,6,0
tamanowus,False,6,0
underlife,False,6,0
chiromys,False,6,0
visualizer,False,6,0
taxidea,False,6,0
strawwork,False,6,0
nonblameless,False,6,0
umber,False,6,0
oasal,False,6,0
rebenediction,False,6,0
erigeron,False,6,0
usableness,False,6,0
almoravides,False,6,0
blaugas,False,6,0
prehydration,False,6,0
misalter,True,4,0
obvolve,False,6,0
tithymalopsis,False,6,0
parametrical,True,4,0
istiophorid,False,6,0
metastyle,False,6,0
ipsilateral,False,6,0
tracheate,False,6,0
lakemanship,False,6,0
haemoconcentration,True,5,0
nonpromulgation,True,5,0
ruling,False,6,0
saltimbankery,False,6,0
structural,True,4,0
accendibility,False,6,0
niphablepsia,False,6,0
eagerness,False,6,0
railbird,False,6,0
pewless,False,6,0
zati,False,6,0
tibet,False,6,0
channelize,False,6,0
amorphotae,False,6,0
dynagraph,False,6,0
runefolk,False,6,0
oatbin,False,6,0
dogwatch,False,6,0
lymphoprotease,True,4,0
patchword,False,6,0
proscenium,True,5,0
northupite,True,5,0
vaginoabdominal,False,6,0
unstock,False,6,0
myriameter,False,6,0
gelatiniferous,False,6,0
sublong,False,6,0
capability,False,6,0
schorlaceous,False,6,0
dilation,False,6,0
hayz,False,6,0
magnanimity,False,6,0
neuropteron,False,6,0
isoemodin,False,6,0
percurrent,False,6,0
teca,False,6,0
benzalacetone,False,6,0
cadet,False,6,0
taintproof,False,6,0
illegitimatize,False,6,0
antinomy,False,6,0
orchidalgia,False,6,0
reassessment,False,6,0
palearctic,True,3,0
sketchily,False,6,0
communicableness,True,5,0
realest,True,2,0
sialozemia,False,6,0
alfilerillo,False,6,0
rachialgia,False,6,0
popadam,False,6,0
overfed,False,6,0
subcontinent,False,6,0
chili,False,6,0
cloddily,False,6,0
unchristianized,False,6,0
cumbu,False,6,0
grandniece,False,6,0
unilabiate,False,6,0
unclamp,False,6,0
printerdom,True,5,0
seton,True,5,0
advantage,False,6,0
megalomelia,False,6,0
unciliated,True,4,0
yucateco,False,6,0
pratincole,True,1,0
glossographer,False,6,0
vives,False,6,0
charruas,False,6,0
peritoneum,False,6,0
verpa,False,6,0
cylindroid,True,4,0
carotinemia,False,6,0
perendinant,False,6,0
bromhydric,False,6,0
orthodomatic,False,6,0
pretervection,False,6,0
telemeter,False,6,0
thowel,False,6,0
cuticula,True,5,0
hyalophagia,False,6,0
fedora,False,6,0
dodecanesian,False,6,0
microglossia,True,5,0
unhoned,False,6,0
locutory,False,6,0
fernbird,False,6,0
prediscoverer,False,6,0
undestroyable,False,6,0
clathrate,False,6,0
nephrocoele,False,6,0
neognathae,False,6,0
alphabetizer,False,6,0
multilaciniate,True,4,0
chilicothe,False,6,0
anamorphoscope,True,5,0
rhythmless,False,6,0
soleness,True,3,0
cubomancy,False,6,0
eczematous,False,6,0
cacotheline,True,4,0
applicant,True,5,0
drivage,False,6,0
newslessness,False,6,0
rachitome,False,6,0
rawhead,False,6,0
dipsey,False,6,0
epiboulangerite,True,4,0
mahdist,False,6,0
eileen,True,3,0
regild,False,6,0
vesicocervical,False,6,0
henotheistic,True,5,0
sixpenny,False,6,0
fifteenfold,False,6,0
sapucainha,False,6,0
campaign,False,6,0
shebat,False,6,0
nonextraneous,False,6,0
questionee,False,6,0
batino,False,6,0
sibilatingly,False,6,0
purposiveness,False,6,0
contaminant,True,4,0
dinghee,False,6,0
dressmakery,False,6,0
undertide,False,6,0
cam,False,6,0
expositionary,False,6,0
geomagnetist,False,6,0
hydrophyton,False,6,0
isosaccharin,True,5,0
deathless,False,6,0
bowenite,False,6,0
untruck,False,6,0
crossfoot,False,6,0
geniolatry,False,6,0
antilabor,True,5,0
myxomycetales,False,6,0
unattuned,False,6,0
raash,False,6,0
genesiology,False,6,0
renunciator,True,5,0
stimulus,False,6,0
unusurping,False,6,0
incontinently,True,3,0
recurse,False,6,0
submarshal,False,6,0
contemnibly,True,4,0
oppressor,False,6,0
commencer,True,5,0
inductively,False,6,0
heterosporic,True,4,0
sabbathize,False,6,0
awabakal,False,6,0
hercogamy,False,6,0
palluites,True,5,0
unghostlike,False,6,0
obstructingly,True,4,0
maxillojugal,False,6,0
reproductive,False,6,0
stereographically,True,1,0
cacumination,False,6,0
mormonite,False,6,0
phobos,False,6,0
counterorator,False,6,0
jumblement,False,6,0
jusquaboutist,False,6,0
unconcertedness,False,6,0
engrossingly,False,6,0
turniplike,False,6,0
polyphagic,False,6,0
halfpenny,False,6,0
scoter,False,6,0
shellum,False,6,0
zafree,False,6,0
orange,False,6,0
scrutation,True,5,0
nonsolvency,False,6,0
lichenographer,True,3,0
pestilence,True,4,0
homalopsinae,True,5,0
ermani,True,4,0
mellisugent,False,6,0
plugdrawer,False,6,0
homoplasis,False,6,0
developability,False,6,0
regreet,False,6,0
zygomycete,False,6,0
barrow,False,6,0
papilioninae,True,4,0
resident,True,5,0
leptothrix,False,6,0
animalize,False,6,0
nonacosane,True,4,0
translucence,True,2,0
pedological,False,6,0
phototropism,False,6,0
lory,False,6,0
monodynamism,False,6,0
untaintedness,False,6,0
congoleum,False,6,0
orthosilicate,True,2,0
flocculate,False,6,0
nonsanctification,False,6,0
incurability,False,6,0
sultan,True,4,0
equilibrium,False,6,0
hath,False,6,0
xiphiidae,False,6,0
ambay,False,6,0
chaetotactic,True,4,0
copter,False,6,0
prejudicative,False,6,0
lindane,False,6,0
gastrolatrous,False,6,0
vitelline,False,6,0
sulfarsenite,False,6,0
mesolabe,False,6,0
staphylomatous,False,6,0
unqualified,False,6,0
iridencleisis,False,6,0
zoolithic,False,6,0
jahvist,False,6,0
shucking,False,6,0
patronizable,False,6,0
reservor,False,6,0
omniparent,False,6,0
beaverette,False,6,0
bugleweed,False,6,0
heptahedron,False,6,0
geniture,False,6,0
birminghamize,False,6,0
odeum,False,6,0
magnetometric,False,6,0
hyloid,False,6,0
combfish,False,6,0
unmended,False,6,0
caravan,False,6,0
napkining,False,6,0
unfrosty,False,6,0
corejoice,False,6,0
anchises,False,6,0
bastardism,False,6,0
submissively,False,6,0
illegitimacy,False,6,0
macronutrient,True,3,0
unexplainableness,False,6,0
subdeanery,False,6,0
concurso,False,6,0
desmarestiaceous,True,3,0
undermoral,True,5,0
underbear,False,6,0
struggle,False,6,0
perjuriousness,False,6,0
gruelly,False,6,0
slavophobe,False,6,0
cyanoacetate,False,6,0
micropterus,True,3,0
placean,False,6,0
functionalism,False,6,0
portraitlike,False,6,0
pinacoceras,True,1,0
sericiculturist,False,6,0
statuecraft,False,6,0
uncaptained,True,4,0
orgiastical,False,6,0
multicipital,True,5,0
surfacely,False,6,0
chairless,True,4,0
enlodge,False,6,0
gravimetrical,False,6,0
sufferer,False,6,0
overdance,False,6,0
ko,False,6,0
gematrical,False,6,0
turbot,False,6,0
apogon,False,6,0
graphis,False,6,0
holomyaria,False,6,0
phenanthroline,True,2,0
patavinity,False,6,0
continuingly,False,6,0
cholemia,False,6,0
blessedness,False,6,0
reaggregation,False,6,0
unsharedness,False,6,0
leanness,True,4,0
disinsulation,True,5,0
viosterol,False,6,0
configural,False,6,0
reinvestigate,False,6,0
indiction,False,6,0
unfasten,False,6,0
anastomosis,False,6,0
thatchy,False,6,0
intercalate,True,1,0
entrainment,True,4,0
upend,False,6,0
gaslight,False,6,0
notewise,False,6,0
butenyl,False,6,0
philopatrian,True,4,0
daedalist,False,6,0
littleleaf,False,6,0
leveret,False,6,0
oneism,False,6,0
aftercourse,False,6,0
shoother,True,5,0
putrefiable,False,6,0
fellingbird,False,6,0
zain,False,6,0
aberration,False,6,0
bellpull,False,6,0
tzotzil,False,6,0
hartal,False,6,0
ricinolein,True,3,0
exercitorial,False,6,0
diastolic,False,6,0
steerswoman,False,6,0
biguttate,False,6,0
antisyndicalist,False,6,0
assistful,False,6,0
snowk,False,6,0
adnephrine,False,6,0
moldableness,False,6,0
indices,False,6,0
deconcatenate,True,5,0
colima,False,6,0
pyralid,False,6,0
apio,False,6,0
solely,True,4,0
influxable,False,6,0
laceration,True,1,0
unapart,False,6,0
capacity,False,6,0
supercynical,False,6,0
acuminose,False,6,0
underwent,False,6,0
orangite,False,6,0
prehensible,True,4,0
anthelion,False,6,0
deinotherium,False,6,0
circumambulator,True,5,0
serment,True,5,0
malleoincudal,True,4,0
neckline,False,6,0
securigera,False,6,0
instantaneously,True,2,0
genys,False,6,0
aggrievedly,False,6,0
coburghership,False,6,0
labioalveolar,False,6,0
sagaie,False,6,0
schistosoma,False,6,0
overplay,False,6,0
heterosporium,False,6,0
manumission,True,5,0
benn,False,6,0
damlike,False,6,0
conservatize,False,6,0
amphipleura,False,6,0
multivorous,False,6,0
dulcet,False,6,0
sanction,True,4,0
unterrifiable,False,6,0
formerly,False,6,0
epirotulian,True,4,0
asymmetron,False,6,0
emulgent,False,6,0
unfeatured,False,6,0
plantae,False,6,0
aseptify,False,6,0
hydrogenide,False,6,0
hypotonia,False,6,0
homolysin,False,6,0
hurdis,False,6,0
undermist,True,5,0
swainishness,False,6,0
condiment,False,6,0
proctoparalysis,False,6,0
kryokonite,False,6,0
unpunishably,False,6,0
chamfer,False,6,0
periconchitis,True,2,0
neopallium,False,6,0
coenosarcous,True,3,0
populicide,False,6,0
sphingal,False,6,0
repugner,False,6,0
waterboard,False,6,0
pseudocumenyl,False,6,0
retrace,False,6,0
condensation,True,5,0
backcourt,False,6,0
daff,False,6,0
banderole,False,6,0
hawaiite,False,6,0
polymerous,False,6,0
stickadore,False,6,0
cameography,False,6,0
unsacrificeable,False,6,0
lim,False,6,0
dravya,False,6,0
demosthenic,True,5,0
isoeugenol,False,6,0
flourish,False,6,0
toxicological,False,6,0
cantabrian,False,6,0
woodbine,False,6,0
ossetine,True,5,0
kuruba,False,6,0
chlorine,True,3,0
sabazianism,False,6,0
doggone,False,6,0
exterraneous,False,6,0
timberland,False,6,0
equational,False,6,0
scabriusculous,False,6,0
noisomeness,True,5,0
amueixa,False,6,0
wheen,False,6,0
preacquit,False,6,0
reimposure,False,6,0
smelliness,False,6,0
caber,True,5,0
civilizee,False,6,0
royalism,True,5,0
pseudoaristocratic,True,3,0
brawny,False,6,0
zoosis,False,6,0
degraded,False,6,0
hydriote,False,6,0
lockman,False,6,0
darn,False,6,0
rejectingly,False,6,0
besottingly,False,6,0
cocksurety,False,6,0
handmaid,False,6,0
culet,False,6,0
doormaking,False,6,0
jugerum,False,6,0
slunge,False,6,0
unexplaining,False,6,0
ornithogaea,False,6,0
rebuffably,False,6,0
unsufficed,False,6,0
babuism,False,6,0
mnemonist,True,5,0
paver,False,6,0
maimedness,False,6,0
zonary,False,6,0
unbag,False,6,0
incompensation,True,2,0
pavilion,False,6,0
samson,True,5,0
blossomy,False,6,0
lenticulothalamic,True,4,0
mayfowl,False,6,0
superactive,True,3,0
solecistically,True,2,0
snivy,False,6,0
cobus,False,6,0
triphylite,False,6,0
inclinatorium,True,4,0
wiglet,False,6,0
overtness,False,6,0
interrupted,False,6,0
curstful,False,6,0
hymenogeny,False,6,0
whipcord,False,6,0
gigi,False,6,0
lacing,False,6,0
plical,False,6,0
squabbed,False,6,0
phellogen,False,6,0
potwaller,False,6,0
monophagism,False,6,0
kawaka,False,6,0
disglorify,False,6,0
polyclona,False,6,0
capreolate,True,4,0
incurrent,False,6,0
delegalize,False,6,0
reboard,False,6,0
refight,False,6,0
awakening,False,6,0
ineducable,False,6,0
apoembryony,False,6,0
contrariwise,False,6,0
multinominal,False,6,0
shall,False,6,0
superobstinate,False,6,0
negrillo,False,6,0
exaggerated,False,6,0
alcoholometrical,True,3,0
directional,True,3,0
almemar,False,6,0
loggia,False,6,0
persistively,False,6,0
unperilous,True,4,0
iridectomy,False,6,0
compassivity,False,6,0
pettedness,False,6,0
heder,False,6,0
quinizarin,False,6,0
hemihedrally,False,6,0
settledly,True,5,0
dashedly,False,6,0
groset,True,5,0
unsaintlike,False,6,0
untransmissible,True,5,0
anathematization,False,6,0
benzamido,False,6,0
peonage,False,6,0
thereamong,False,6,0
underdot,False,6,0
intersociety,True,2,0
infinitarily,False,6,0
scimitar,False,6,0
torricellian,True,0,0
mantissa,False,6,0
winterfeed,False,6,0
mercantile,True,4,0
tup,False,6,0
xanthosiderite,False,6,0
spasmatical,False,6,0
isocercy,True,5,0
spotting,False,6,0
dragging,False,6,0
choriamb,False,6,0
deflagrate,False,6,0
anchorwise,False,6,0
ophiolite,False,6,0
serventism,False,6,0
tunker,False,6,0
articulate,False,6,0
penitencer,False,6,0
appercipient,True,4,0
itchproof,False,6,0
aptera,False,6,0
cacodaemonial,False,6,0
intracity,True,5,0
tabet,False,6,0
panting,False,6,0
untrickable,False,6,0
heinousness,False,6,0
tamein,True,4,0
puzzlement,False,6,0
countermanifesto,False,6,0
uniformity,False,6,0
angiomalacia,False,6,0
playground,False,6,0
meatcutter,True,4,0
reascendant,False,6,0
cogging,False,6,0
guttering,False,6,0
industrious,False,6,0
unbalked,False,6,0
uncuffed,False,6,0
nonillionth,False,6,0
unhidable,False,6,0
macbeth,False,6,0
molassy,False,6,0
overchidden,False,6,0
lyophilize,False,6,0
recreationist,True,0,0
needleful,False,6,0
loiteringness,False,6,0
campmaster,True,4,0
reformingly,False,6,0
omnimodous,False,6,0
vaporiferous,False,6,0
subinform,False,6,0
tarsectomy,True,5,0
vacuity,False,6,0
thinglet,False,6,0
unclotted,True,5,0
doorweed,False,6,0
unslumbrous,False,6,0
prefreshman,False,6,0
reassert,True,5,0
absenteeism,False,6,0
megalopic,False,6,0
cocrucify,False,6,0
specialness,False,6,0
diphtheroid,False,6,0
nonbodily,False,6,0
purplewort,False,6,0
bequeathable,False,6,0
mungy,False,6,0
scraggling,False,6,0
silicofluoric,False,6,0
marcella,False,6,0
unnumerical,True,5,0
adenophyma,False,6,0
hypothesizer,False,6,0
overpiteous,False,6,0
bridewort,False,6,0
guittonian,False,6,0
propertied,False,6,0
israeliteship,False,6,0
babyfied,False,6,0
fratry,False,6,0
nonthinker,False,6,0
classified,False,6,0
tornillo,True,3,0
uncasketed,False,6,0
melonlike,False,6,0
frivolity,False,6,0
morganatic,False,6,0
octonarius,True,5,0
zaniah,False,6,0
parapegma,False,6,0
dolichoprosopic,False,6,0
pharynx,False,6,0
dosa,False,6,0
hygrodeik,False,6,0
trigram,False,6,0
helios,False,6,0
sesti,False,6,0
suppositionally,True,3,0
clogmaker,False,6,0
gamogenetical,False,6,0
therapist,False,6,0
unannex,False,6,0
carboy,False,6,0
satyagrahi,False,6,0
underaverage,False,6,0
xenopteri,False,6,0
bloodshedding,False,6,0
academite,False,6,0
apprehensibility,True,4,0
bombax,False,6,0
feedy,False,6,0
sklate,False,6,0
ornithoptera,False,6,0
isagoge,False,6,0
heterofermentative,False,6,0
unsleeved,False,6,0
chevrotain,False,6,0
gasteromycete,False,6,0
hyperplasic,True,4,0
greengrocery,False,6,0
beshake,False,6,0
unguled,False,6,0
aggregator,False,6,0
persuaded,False,6,0
cupola,False,6,0
roughness,False,6,0
plemyrameter,False,6,0
criminalness,False,6,0
balanic,False,6,0
burnishable,True,5,0
unmindful,False,6,0
sabino,False,6,0
underthane,False,6,0
olympicness,False,6,0
catarrhal,False,6,0
wieldable,False,6,0
outsuitor,True,5,0
mohineyam,False,6,0
intervisit,False,6,0
urotoxic,False,6,0
myelalgia,False,6,0
strophe,False,6,0
ingraft,False,6,0
misosophist,False,6,0
caumatic,False,6,0
unreckonable,False,6,0
epidermatous,True,4,0
shrimpfish,False,6,0
keest,False,6,0
eccrinology,False,6,0
unmiscible,False,6,0
unmoaned,False,6,0
predestinationist,True,2,0
cleavability,False,6,0
earnings,True,5,0
genal,False,6,0
unjarring,False,6,0
wottest,False,6,0
boryl,False,6,0
rocklike,False,6,0
fruitarianism,False,6,0
guilelessness,False,6,0
borstall,True,5,0
hemitropic,False,6,0
trumph,False,6,0
mulattress,True,5,0
foamer,False,6,0
scientician,True,4,0
endophyllum,False,6,0
shapeshifter,False,6,0
nonbotanical,False,6,0
stenchful,False,6,0
synentognathous,False,6,0
branchiostoma,True,5,0
correa,True,2,0
figshell,False,6,0
buffoonish,False,6,0
ooplast,False,6,0
postfixial,False,6,0
impossibility,False,6,0
alalite,True,4,0
cozily,False,6,0
gitoxin,False,6,0
organographic,False,6,0
suborganic,False,6,0
unattractableness,True,3,0
detrimentally,True,5,0
betroth,False,6,0
chloralum,False,6,0
neophilologist,False,6,0
tallote,True,3,0
byrlawman,False,6,0
ailanthic,False,6,0
prepatent,True,2,0
accumulation,True,5,0
cecidiology,False,6,0
potamic,False,6,0
unhesitatingly,False,6,0
stolidity,True,4,0
tenontomyoplasty,True,4,0
sam,False,6,0
animus,False,6,0
cove,False,6,0
sigmund,False,6,0
sarmatier,False,6,0
sardanapalus,False,6,0
hyoid,False,6,0
faburden,False,6,0
rerise,False,6,0
nasoprognathic,True,3,0
retroreception,False,6,0
unoffendable,False,6,0
nonapparent,True,4,0
colalgia,False,6,0
oncosphere,True,4,0
adiposuria,False,6,0
musculofibrous,False,6,0
morglay,False,6,0
incompactly,True,5,0
anastate,True,4,0
upwind,False,6,0
unrebel,False,6,0
gam,False,6,0
psychophysical,False,6,0
fathomlessness,False,6,0
bronchiectatic,False,6,0
otiatrics,True,4,0
litopterna,True,4,0
witeless,False,6,0
ceratospongian,False,6,0
pungle,False,6,0
osmetic,False,6,0
undisintegrated,False,6,0
pronunciative,True,2,0
tartly,True,3,0
abatua,False,6,0
playock,False,6,0
adaw,False,6,0
unrightful,False,6,0
overelegancy,False,6,0
beplaided,False,6,0
denotement,False,6,0
semipermanent,True,3,0
diaphaneity,False,6,0
tyronism,True,5,0
invulnerableness,False,6,0
glycolyl,False,6,0
metasedimentary,False,6,0
wingseed,False,6,0
threnetical,False,6,0
noncompetitively,False,6,0
unimpressionability,True,4,0
ecorticate,True,5,0
waird,False,6,0
angelocracy,False,6,0
subregent,False,6,0
popshop,False,6,0
semisubterranean,False,6,0
mycophyte,False,6,0
sturdiness,False,6,0
liquorless,False,6,0
bowwort,False,6,0
oculinidae,True,5,0
backstone,False,6,0
omnipercipient,False,6,0
bitterbark,False,6,0
incessably,True,4,0
baloskion,False,6,0
gummy,False,6,0
resinophore,True,4,0
jinni,False,6,0
preseal,True,5,0
cryptorrhetic,False,6,0
dolorific,False,6,0
strumpet,False,6,0
rebegin,False,6,0
trapping,False,6,0
unwarpable,False,6,0
revolutionist,False,6,0
unconduciveness,False,6,0
blunthearted,False,6,0
pelotherapy,False,6,0
amiidae,False,6,0
sclerification,False,6,0
myoglobulin,False,6,0
fragmentize,False,6,0
interjacent,False,6,0
catoptrically,True,4,0
aphlebia,False,6,0
nonsaponifiable,False,6,0
caconym,False,6,0
choletherapy,False,6,0
unlauded,False,6,0
outraging,False,6,0
groaning,False,6,0
woodstone,False,6,0
unshapeliness,True,4,0
overboldly,False,6,0
entoptoscope,False,6,0
delft,False,6,0
semioxidated,False,6,0
hydrazide,False,6,0
visitation,False,6,0
trinucleate,True,2,0
polyphosphoric,False,6,0
ustilago,True,5,0
larithmics,True,3,0
overeyebrowed,False,6,0
nonparasitic,True,2,0
ironsided,True,2,0
autocratically,True,3,0
benzohydrol,False,6,0
tergiversant,False,6,0
presbytia,False,6,0
porencephalon,True,3,0
mullerian,True,5,0
photoengraving,False,6,0
recrescence,True,5,0
copepoda,False,6,0
unphysicked,False,6,0
progressive,False,6,0
unspayed,False,6,0
moxieberry,False,6,0
thoughtlessly,False,6,0
abhorson,False,6,0
antitype,False,6,0
preadministrative,True,5,0
griff,False,6,0
patination,True,5,0
nullibility,False,6,0
burgall,False,6,0
timekeepership,False,6,0
spinipetal,False,6,0
counterirritate,False,6,0
xanthydrol,False,6,0
reefer,False,6,0
antitwilight,False,6,0
ostraciidae,True,5,0
brachyglossal,False,6,0
gozell,False,6,0
molding,False,6,0
serosanguinolent,False,6,0
pixilated,False,6,0
greatish,False,6,0
duskiness,False,6,0
intrapsychical,False,6,0
myrmicidae,False,6,0
tetraplous,True,3,0
unstateable,True,3,0
unracked,False,6,0
jocund,False,6,0
fluoborid,False,6,0
unforgiven,False,6,0
